INSERT into PHOTO (path) values ('photos/image.png');
INSERT into PHOTO (path) values ('photos/image1.png');
INSERT into PHOTO (path) values ('photos/image2.png');

insert into USER (id, user_name, password, role, bio, email, active, profile_picture_id, price, city)  values (1, 'admin', '$2a$12$q0NXCRNQTetsXx1NSMuL1eOddYPlTlUMN.aMhXNv6EmCIrjNHCRwW', 'ADMIN', 'admin', 'admin', true, null, 400, 'warszawa');
insert into USER (id, user_name, password, role, bio, email, active, profile_picture_id, price, city)  values (2, 'tgoldin0', '$2a$12$M.IzVkoEdW7XI83oTbW2E.Kd4UOWlLGVZm0S/Cq95K95wohkaFolG', 'USER', 'vivamus in felis eu sapien cursus vestibulum proin eu mi nulla ac enim in tempor turpis nec', 'areek0@soup.io', true, null, 260, 'kraków');
insert into USER (id, user_name, password, role, bio, email, active, profile_picture_id, price, city)  values (3, 'hadin1', '$2a$12$M.IzVkoEdW7XI83oTbW2E.Kd4UOWlLGVZm0S/Cq95K95wohkaFolG', 'USER', 'nisi vulputate nonummy maecenas tincidunt lacus at velit vivamus vel nulla eget eros elementum pellentesque quisque porta volutpat erat quisque erat eros viverra eget', 'msirkett1@earthlink.net', true, 1, 50, 'łódź');
insert into USER (id, user_name, password, role, bio, email, active, profile_picture_id, price, city)  values (4, 'mackermann2', '$2a$12$M.IzVkoEdW7XI83oTbW2E.Kd4UOWlLGVZm0S/Cq95K95wohkaFolG', 'USER', 'donec dapibus duis at velit eu est congue elementum in hac habitasse platea dictumst morbi vestibulum velit id pretium iaculis diam erat fermentum justo nec condimentum neque sapien placerat ante nulla justo aliquam quis turpis eget elit sodales scelerisque mauris sit amet eros suspendisse accumsan tortor quis turpis sed ante vivamus tortor duis mattis egestas metus aenean fermentum donec ut mauris eget massa tempor convallis nulla neque libero convallis eget eleifend luctus ultricies eu nibh quisque id justo sit amet sapien dignissim vestibulum vestibulum ante ipsum primis in faucibus orci', 'adefreyne2@lulu.com', false, 1, 80, 'wroclaw');
insert into USER (id, user_name, password, role, bio, email, active, profile_picture_id, price, city)  values (5, 'ttennock3', '$2a$12$M.IzVkoEdW7XI83oTbW2E.Kd4UOWlLGVZm0S/Cq95K95wohkaFolG', 'USER', 'vel nulla eget eros elementum pellentesque quisque porta volutpat erat quisque erat eros viverra eget congue eget semper rutrum nulla nunc purus phasellus in felis donec semper sapien a libero nam dui proin leo odio porttitor id consequat in consequat ut nulla sed accumsan felis ut at dolor quis odio consequat varius integer ac leo pellentesque ultrices mattis odio donec vitae nisi nam', 'dstiegar3@oracle.com', true, 2, 220, 'poznań');
insert into USER (id, user_name, password, role, bio, email, active, profile_picture_id, price, city)  values (6, 'asorrell4', '$2a$12$M.IzVkoEdW7XI83oTbW2E.Kd4UOWlLGVZm0S/Cq95K95wohkaFolG', 'USER', 'molestie nibh in lectus pellentesque at nulla suspendisse potenti cras in purus eu magna vulputate luctus cum sociis natoque penatibus et magnis dis parturient montes nascetur ridiculus mus vivamus vestibulum sagittis sapien cum sociis natoque penatibus et magnis dis parturient montes nascetur ridiculus mus etiam vel augue vestibulum rutrum rutrum neque aenean auctor gravida sem praesent id massa id nisl venenatis lacinia aenean sit amet justo morbi ut odio cras mi pede malesuada in imperdiet', 'bbelmont4@eepurl.com', true, 1, 60, 'szczecin');
insert into USER (id, user_name, password, role, bio, email, active, profile_picture_id, price, city)  values (7, 'sstubbin5', '$2a$12$M.IzVkoEdW7XI83oTbW2E.Kd4UOWlLGVZm0S/Cq95K95wohkaFolG', 'USER', 'eget elit sodales scelerisque mauris sit amet eros suspendisse accumsan tortor quis turpis sed ante vivamus tortor duis mattis egestas metus aenean fermentum donec ut mauris eget massa tempor convallis nulla neque libero convallis eget eleifend luctus ultricies eu nibh quisque id justo sit amet sapien dignissim vestibulum', 'rpieterick5@tamu.edu', true, 3, 300, 'bydgoszcz');
insert into USER (id, user_name, password, role, bio, email, active, profile_picture_id, price, city)  values (8, 'cmcall6', '$2a$12$M.IzVkoEdW7XI83oTbW2E.Kd4UOWlLGVZm0S/Cq95K95wohkaFolG', 'USER', 'eget elit sodales scelerisque mauris sit amet eros suspendisse accumsan tortor quis turpis sed ante vivamus tortor duis mattis egestas metus aenean fermentum donec ut mauris eget massa', 'anellen6@disqus.com', true, 1, 140, 'lublin');
insert into USER (id, user_name, password, role, bio, email, active, profile_picture_id, price, city)  values (9, 'mplom7', '$2a$12$M.IzVkoEdW7XI83oTbW2E.Kd4UOWlLGVZm0S/Cq95K95wohkaFolG', 'USER', 'donec pharetra magna vestibulum aliquet ultrices erat tortor sollicitudin mi sit amet lobortis sapien sapien non mi integer ac neque duis bibendum morbi non quam nec dui luctus rutrum nulla tellus in sagittis dui vel nisl duis ac nibh fusce lacus purus aliquet at feugiat non pretium quis lectus suspendisse potenti in eleifend quam a odio in hac habitasse platea dictumst maecenas ut massa quis augue luctus tincidunt nulla mollis molestie lorem quisque ut erat curabitur gravida nisi at', 'rthorneywork7@behance.net', false, null, 360, 'białystok');
insert into USER (id, user_name, password, role, bio, email, active, profile_picture_id, price, city)  values (10, 'mknotte8', '$2a$12$M.IzVkoEdW7XI83oTbW2E.Kd4UOWlLGVZm0S/Cq95K95wohkaFolG', 'USER', 'hendrerit at vulputate vitae nisl aenean lectus pellentesque eget nunc donec quis orci eget orci vehicula', 'amandal8@census.gov', false, 2, 160, 'warszawa');
insert into USER (id, user_name, password, role, bio, email, active, profile_picture_id, price, city)  values (11, 'jbakhrushin9', '$2a$12$M.IzVkoEdW7XI83oTbW2E.Kd4UOWlLGVZm0S/Cq95K95wohkaFolG', 'USER', 'in felis eu sapien cursus vestibulum proin eu mi nulla ac enim in tempor turpis nec euismod scelerisque quam turpis adipiscing lorem vitae mattis nibh ligula nec sem duis aliquam convallis nunc proin at turpis a pede posuere nonummy integer non velit donec diam neque vestibulum eget vulputate ut ultrices vel augue vestibulum ante ipsum primis in faucibus orci luctus et ultrices posuere cubilia curae donec pharetra magna vestibulum aliquet ultrices erat tortor sollicitudin mi', 'jstollberger9@si.edu', true, null, 70, 'warszawa');
insert into USER (id, user_name, password, role, bio, email, active, profile_picture_id, price, city)  values (12, 'asimmena', '$2a$12$M.IzVkoEdW7XI83oTbW2E.Kd4UOWlLGVZm0S/Cq95K95wohkaFolG', 'USER', 'aliquet at feugiat non pretium quis lectus suspendisse potenti in eleifend quam', 'ahickeringilla@goo.gl', false, 1, 380, 'kraków');
insert into USER (id, user_name, password, role, bio, email, active, profile_picture_id, price, city)  values (13, 'gmessittb', '$2a$12$M.IzVkoEdW7XI83oTbW2E.Kd4UOWlLGVZm0S/Cq95K95wohkaFolG', 'USER', 'velit vivamus vel nulla eget eros elementum pellentesque quisque porta volutpat erat quisque erat eros', 'chadwickb@feedburner.com', true, null, 60, 'łódź');
insert into USER (id, user_name, password, role, bio, email, active, profile_picture_id, price, city)  values (14, 'arustedc', '$2a$12$M.IzVkoEdW7XI83oTbW2E.Kd4UOWlLGVZm0S/Cq95K95wohkaFolG', 'USER', 'quis justo maecenas rhoncus aliquam lacus', 'mdanilovc@guardian.co.uk', true, 1, 190, 'wroclaw');
insert into USER (id, user_name, password, role, bio, email, active, profile_picture_id, price, city)  values (15, 'aaireyd', '$2a$12$M.IzVkoEdW7XI83oTbW2E.Kd4UOWlLGVZm0S/Cq95K95wohkaFolG', 'USER', 'libero quis orci nullam molestie nibh in lectus pellentesque at nulla suspendisse potenti cras in purus eu magna vulputate luctus cum sociis natoque penatibus et magnis', 'yladdled@opera.com', false, null, 300, 'poznań');
insert into USER (id, user_name, password, role, bio, email, active, profile_picture_id, price, city)  values (16, 'wpegge', '$2a$12$M.IzVkoEdW7XI83oTbW2E.Kd4UOWlLGVZm0S/Cq95K95wohkaFolG', 'USER', 'massa id nisl venenatis lacinia aenean sit amet justo morbi ut odio cras mi pede malesuada in imperdiet et commodo vulputate justo in blandit ultrices enim lorem ipsum dolor sit amet consectetuer adipiscing elit proin interdum mauris non ligula pellentesque ultrices phasellus id sapien in sapien iaculis congue vivamus metus arcu adipiscing molestie hendrerit at vulputate vitae nisl aenean lectus', 'sverzeye@flavors.me', false, null, 440, 'szczecin');
insert into USER (id, user_name, password, role, bio, email, active, profile_picture_id, price, city)  values (17, 'aventamf', '$2a$12$M.IzVkoEdW7XI83oTbW2E.Kd4UOWlLGVZm0S/Cq95K95wohkaFolG', 'USER', 'augue vel accumsan tellus nisi eu orci mauris lacinia sapien quis libero nullam sit amet turpis elementum ligula vehicula consequat morbi a ipsum integer a nibh in quis justo maecenas rhoncus aliquam lacus morbi quis tortor id nulla ultrices aliquet', 'cstroderf@topsy.com', true, null, 420, 'bydgoszcz');
insert into USER (id, user_name, password, role, bio, email, active, profile_picture_id, price, city)  values (18, 'dlummg', '$2a$12$M.IzVkoEdW7XI83oTbW2E.Kd4UOWlLGVZm0S/Cq95K95wohkaFolG', 'USER', 'ultrices posuere cubilia curae mauris viverra diam vitae quam suspendisse potenti nullam porttitor lacus at turpis donec posuere metus vitae ipsum aliquam non mauris morbi non lectus aliquam sit amet diam in magna bibendum imperdiet nullam orci pede venenatis non sodales sed tincidunt eu felis fusce posuere felis sed lacus morbi sem mauris laoreet ut rhoncus aliquet pulvinar sed nisl nunc rhoncus dui vel sem sed sagittis', 'dlowmang@livejournal.com', true, null, 330, 'lublin');
insert into USER (id, user_name, password, role, bio, email, active, profile_picture_id, price, city)  values (19, 'elanahanh', '$2a$12$M.IzVkoEdW7XI83oTbW2E.Kd4UOWlLGVZm0S/Cq95K95wohkaFolG', 'USER', 'nulla suspendisse potenti cras in purus eu magna vulputate luctus cum sociis natoque penatibus et magnis dis parturient montes nascetur ridiculus mus vivamus vestibulum sagittis sapien cum sociis natoque penatibus et magnis dis parturient montes nascetur ridiculus mus etiam vel augue vestibulum rutrum rutrum neque aenean auctor gravida sem praesent id massa id nisl venenatis lacinia aenean', 'seldonh@weibo.com', false, null, 280, 'białystok');
insert into USER (id, user_name, password, role, bio, email, active, profile_picture_id, price, city)  values (20, 'gmccarricki', '$2a$12$M.IzVkoEdW7XI83oTbW2E.Kd4UOWlLGVZm0S/Cq95K95wohkaFolG', 'USER', 'justo maecenas rhoncus aliquam lacus morbi quis tortor id nulla ultrices aliquet maecenas leo odio condimentum id luctus nec molestie sed justo pellentesque viverra pede ac diam cras pellentesque volutpat dui maecenas tristique est et tempus semper est quam pharetra magna ac consequat metus sapien ut nunc vestibulum ante ipsum primis in faucibus orci luctus et ultrices posuere cubilia curae mauris viverra diam vitae quam suspendisse potenti nullam porttitor lacus at turpis donec posuere metus', 'mghilardii@t.co', false, null, 480, 'warszawa');


insert into rate (rating, author_id, target_id) values (5, 1, 2);
insert into rate (rating, author_id, target_id) values (5, 1, 2);
insert into rate (rating, author_id, target_id) values (3, 2, 1);
insert into rate (rating, author_id, target_id) values (2, 1, 2);
insert into rate (rating, author_id, target_id) values (5, 1, 2);
insert into rate (rating, author_id, target_id) values (3, 4, 3);
insert into rate (rating, author_id, target_id) values (4, 1, 4);
insert into rate (rating, author_id, target_id) values (2, 6, 2);
insert into rate (rating, author_id, target_id) values (5, 7, 2);
insert into rate (rating, author_id, target_id) values (4, 1, 2);
insert into rate (rating, author_id, target_id) values (5, 1, 2);
insert into rate (rating, author_id, target_id) values (2, 3, 2);
insert into rate (rating, author_id, target_id) values (2, 6, 2);
insert into rate (rating, author_id, target_id) values (2, 2, 2);
insert into rate (rating, author_id, target_id) values (1, 1, 2);
insert into rate (rating, author_id, target_id) values (5, 1, 2);
insert into rate (rating, author_id, target_id) values (5, 8, 9);
insert into rate (rating, author_id, target_id) values (5, 1, 12);
insert into rate (rating, author_id, target_id) values (3, 1, 2);
insert into rate (rating, author_id, target_id) values (2, 1, 14);
insert into rate (rating, author_id, target_id) values (5, 1, 2);


insert into category (name) values ('fashion');
insert into category (name) values ('glamour');
insert into category (name) values ('portret');
insert into category (name) values ('akt');
insert into category (name) values ('edytorial');
insert into category (name) values ('nagość zakryta');
insert into category (name) values ('stylizacja');

insert into user_categories (user_id, categories_id) values (1, 1);
insert into user_categories (user_id, categories_id) values (2, 2);
insert into user_categories (user_id, categories_id) values (3, 3);
insert into user_categories (user_id, categories_id) values (4, 4);
insert into user_categories (user_id, categories_id) values (5, 5);
insert into user_categories (user_id, categories_id) values (6, 6);
insert into user_categories (user_id, categories_id) values (7, 7);
insert into user_categories (user_id, categories_id) values (8, 4);
insert into user_categories (user_id, categories_id) values (9, 4);
insert into user_categories (user_id, categories_id) values (10, 1);
insert into user_categories (user_id, categories_id) values (11, 1);
insert into user_categories (user_id, categories_id) values (12, 4);
insert into user_categories (user_id, categories_id) values (13, 3);
insert into user_categories (user_id, categories_id) values (14, 6);
insert into user_categories (user_id, categories_id) values (15, 6);
insert into user_categories (user_id, categories_id) values (16, 3);
insert into user_categories (user_id, categories_id) values (17, 7);
insert into user_categories (user_id, categories_id) values (18, 7);
insert into user_categories (user_id, categories_id) values (19, 7);
insert into user_categories (user_id, categories_id) values (20, 7);


insert into post (author_id, photo_id) values (1, 1);
insert into post (author_id, photo_id) values (2, 2);
insert into post (author_id, photo_id) values (3, 3);
insert into post (author_id, photo_id) values (3, 1);
insert into post (author_id, photo_id) values (1, 2);

insert into comment (author_id, target_id, content, added, anonymous) values (1, 3, 'testowy komentarz', CURRENT_DATE, false);
insert into comment (author_id, target_id, content, added, anonymous) values (2, 1, 'testowy komentarz', CURRENT_DATE, false);
insert into comment (author_id, target_id, content, added, anonymous) values (3, 2, 'testowy komentarz', CURRENT_DATE, false);
insert into comment (author_id, target_id, content, added, anonymous) values (4, 3, 'testowy komentarz', CURRENT_DATE, false);
insert into comment (author_id, target_id, content, added, anonymous) values (5, 4, 'testowy komentarz', CURRENT_DATE, false);
insert into comment (author_id, target_id, content, added, anonymous) values (6, 5, 'testowy komentarz', CURRENT_DATE, false);
insert into comment (author_id, target_id, content, added, anonymous) values (7, 6, 'testowy komentarz', CURRENT_DATE, false);
insert into comment (author_id, target_id, content, added, anonymous) values (8, 7, 'testowy komentarz', CURRENT_DATE, false);
insert into comment (author_id, target_id, content, added, anonymous) values (9, 8, 'testowy komentarz', CURRENT_DATE, false);
insert into comment (author_id, target_id, content, added, anonymous) values (10,9, 'testowy komentarz', CURRENT_DATE, false);
insert into comment (author_id, target_id, content, added, anonymous) values (11, 10, 'testowy komentarz', CURRENT_DATE, false);
insert into comment (author_id, target_id, content, added, anonymous) values (12, 11, 'testowy komentarz', CURRENT_DATE, false);
insert into comment (author_id, target_id, content, added, anonymous) values (13, 12, 'testowy komentarz', CURRENT_DATE, false);
insert into comment (author_id, target_id, content, added, anonymous) values (14, 13, 'testowy komentarz', CURRENT_DATE, false);
insert into comment (author_id, target_id, content, added, anonymous) values (15, 14, 'testowy komentarz', CURRENT_DATE, false);

insert into schedule (is_disabled, owner_id) values (false, 1);
insert into schedule (is_disabled, owner_id) values (false, 14);

insert into meeting (date, status, time_start, schedule_id, user_booked_id  ) values ('2022-01-27', 1, '19:17:57', 1, null );
insert into meeting (date, status, time_start, schedule_id, user_booked_id  ) values ('2022-01-28', 2, '19:17:57', 1, null );
insert into meeting (date, status, time_start, schedule_id, user_booked_id  ) values ('2022-01-29', 0, '19:17:57', 1, null );
insert into meeting (date, status, time_start, schedule_id, user_booked_id  ) values ('2022-01-29', 1, '19:17:57', 2, null );
insert into meeting (date, status, time_start, schedule_id, user_booked_id  ) values ('2022-01-30', 2, '19:17:57', 2, 1 );
insert into meeting (date, status, time_start, schedule_id, user_booked_id  ) values ('2022-02-01', 0, '19:17:57', 2, null );
